MDS1,MDS2
-0.5428466976009529,0.43876128184640517
0.3301747558386996,0.5404908778541142
0.2122254836323933,-0.059524458150277154
0.1938772893647851,0.1522127070106136
-0.3474517883944854,-0.2002714988499863
0.01290528210653494,-0.25670057609431507
-0.019163160309970142,-0.32935463132411547
0.16027883536299556,-0.28561370229243904
